inventory_id,product_id,product_name,category,subcategory,brand,supplier_id,stock_qty,reorder_point,max_stock,needs_reorder,unit_cost,unit_price,gross_margin_unit,margin_pct,units_sold_ytd,last_received,shelf_location,status,warranty
INV0001,PRD001,Kingston A400 240GB,Storage,SATA SSD,Kingston,SUP001,135,13,211,0,13,29.99,16.99,56.7,461,2024-06-25,Rack-B11,active,2 years
INV0002,PRD002,Kingston A400 480GB,Storage,SATA SSD,Kingston,SUP001,166,30,229,0,21,49.99,28.99,58.0,437,2024-10-16,Rack-D18,active,2 years
INV0003,PRD003,Kingston A400 960GB,Storage,SATA SSD,Kingston,SUP001,94,26,152,0,38,89.99,51.99,57.8,221,2024-06-06,Rack-A20,active,2 years
INV0004,PRD004,Samsung 870 EVO 500GB,Storage,SATA SSD,Samsung,SUP002,154,10,379,0,34,79.99,45.99,57.5,436,2024-09-01,Rack-D5,active,5 years
INV0005,PRD005,Samsung 870 EVO 1TB,Storage,SATA SSD,Samsung,SUP002,138,6,198,0,56,129.99,73.99,56.9,174,2024-09-26,Rack-C5,active,5 years
INV0006,PRD006,Samsung 970 EVO 500GB,Storage,NVMe SSD,Samsung,SUP002,248,28,326,0,29,69.99,40.99,58.6,92,2024-01-27,Rack-C15,active,5 years
INV0007,PRD007,Samsung 970 EVO 1TB,Storage,NVMe SSD,Samsung,SUP002,130,5,299,0,51,119.99,68.99,57.5,209,2024-03-17,Rack-B6,active,5 years
INV0008,PRD008,Samsung 970 EVO 2TB,Storage,NVMe SSD,Samsung,SUP002,206,20,155,0,94,219.99,125.99,57.3,150,2024-02-06,Rack-B11,active,5 years
INV0009,PRD009,WD Black SN850 1TB,Storage,NVMe SSD,WD,SUP013,77,15,218,0,47,109.99,62.99,57.3,230,2024-09-22,Rack-C5,active,5 years
INV0010,PRD010,WD Blue 1TB HDD,Storage,HDD,WD,SUP013,45,16,295,0,19,44.99,25.99,57.8,277,2024-09-23,Rack-A11,active,2 years
INV0011,PRD011,Seagate Barracuda 2TB,Storage,HDD,Seagate,SUP014,110,25,213,0,23,54.99,31.99,58.2,119,2024-06-09,Rack-B1,active,2 years
INV0012,PRD012,Seagate Barracuda 4TB,Storage,HDD,Seagate,SUP014,153,22,281,0,38,89.99,51.99,57.8,487,2024-10-08,Rack-B16,active,2 years
INV0013,PRD013,Corsair Vengeance 8GB DDR4,Memory,DDR4,Corsair,SUP003,197,29,386,0,12,29.99,17.99,60.0,362,2024-05-12,Rack-A15,active,Lifetime
INV0014,PRD014,Corsair Vengeance 16GB DDR4,Memory,DDR4,Corsair,SUP003,93,18,397,0,25,59.99,34.99,58.3,357,2024-07-06,Rack-F14,active,Lifetime
INV0015,PRD015,Corsair Vengeance 32GB DDR4,Memory,DDR4,Corsair,SUP003,37,11,280,0,47,109.99,62.99,57.3,223,2024-08-23,Rack-F20,active,Lifetime
INV0016,PRD016,G.Skill Trident Z5 16GB DDR5,Memory,DDR5,G.Skill,SUP004,195,14,194,0,34,79.99,45.99,57.5,254,2024-05-01,Rack-D1,active,Lifetime
INV0017,PRD017,G.Skill Trident Z5 32GB DDR5,Memory,DDR5,G.Skill,SUP004,94,13,384,0,64,149.99,85.99,57.3,313,2024-02-06,Rack-D12,active,Lifetime
INV0018,PRD018,G.Skill Trident Z5 64GB DDR5,Memory,DDR5,G.Skill,SUP004,19,21,376,1,124,289.99,165.99,57.2,218,2024-09-05,Rack-F3,active,Lifetime
INV0019,PRD019,Kingston Fury Beast 16GB DDR4,Memory,DDR4,Kingston,SUP001,234,18,388,0,23,54.99,31.99,58.2,422,2024-04-28,Rack-F5,active,Lifetime
INV0020,PRD020,Kingston Fury Beast 32GB DDR4,Memory,DDR4,Kingston,SUP001,247,27,247,0,43,99.99,56.99,57.0,423,2024-09-02,Rack-E14,active,Lifetime
INV0021,PRD021,ASUS ROG Strix B550-F,Motherboard,ATX AM4,ASUS,SUP005,177,16,272,0,94,219.99,125.99,57.3,368,2024-09-23,Rack-E3,active,3 years
INV0022,PRD022,ASUS ROG Strix Z690-A,Motherboard,ATX LGA1700,ASUS,SUP005,70,18,390,0,137,319.99,182.99,57.2,324,2024-08-29,Rack-C8,active,3 years
INV0023,PRD023,ASUS TUF Gaming B660M,Motherboard,mATX LGA1700,ASUS,SUP005,186,8,287,0,68,159.99,91.99,57.5,196,2024-04-08,Rack-F4,active,3 years
INV0024,PRD024,MSI MAG B550M MORTAR,Motherboard,mATX AM4,MSI,SUP006,146,17,251,0,55,129.99,74.99,57.7,162,2024-03-13,Rack-F9,active,3 years
INV0025,PRD025,MSI PRO Z690-A,Motherboard,ATX LGA1700,MSI,SUP006,219,5,226,0,81,189.99,108.99,57.4,140,2024-08-23,Rack-D4,active,3 years
INV0026,PRD026,Gigabyte B550 AORUS Elite,Motherboard,ATX AM4,Gigabyte,SUP007,242,14,389,0,72,169.99,97.99,57.6,132,2024-08-16,Rack-F18,active,3 years
INV0027,PRD027,Gigabyte Z790 AORUS Master,Motherboard,ATX LGA1700,Gigabyte,SUP007,121,25,254,0,193,449.99,256.99,57.1,225,2024-01-27,Rack-F8,active,3 years
INV0028,PRD028,Intel Core i3-12100,Processor,Intel LGA1700,Intel,SUP008,71,7,198,0,51,119.99,68.99,57.5,302,2024-08-20,Rack-E2,active,3 years
INV0029,PRD029,Intel Core i5-12400,Processor,Intel LGA1700,Intel,SUP008,142,29,325,0,86,199.99,113.99,57.0,136,2024-06-26,Rack-D15,active,3 years
INV0030,PRD030,Intel Core i5-13600K,Processor,Intel LGA1700,Intel,SUP008,248,20,241,0,120,279.99,159.99,57.1,432,2024-10-08,Rack-D4,active,3 years
INV0031,PRD031,Intel Core i7-12700K,Processor,Intel LGA1700,Intel,SUP008,198,18,271,0,159,369.99,210.99,57.0,221,2024-04-12,Rack-A7,active,3 years
INV0032,PRD032,Intel Core i9-12900K,Processor,Intel LGA1700,Intel,SUP008,154,19,378,0,245,569.99,324.99,57.0,483,2024-09-14,Rack-A4,active,3 years
INV0033,PRD033,AMD Ryzen 5 5600X,Processor,AMD AM4,AMD,SUP009,149,20,195,0,98,229.99,131.99,57.4,162,2024-04-28,Rack-C19,active,3 years
INV0034,PRD034,AMD Ryzen 5 7600X,Processor,AMD AM5,AMD,SUP009,27,17,382,0,107,249.99,142.99,57.2,50,2024-01-22,Rack-E7,active,3 years
INV0035,PRD035,AMD Ryzen 7 5800X3D,Processor,AMD AM4,AMD,SUP009,225,25,357,0,150,349.99,199.99,57.1,250,2024-03-17,Rack-C20,active,3 years
INV0036,PRD036,AMD Ryzen 9 5900X,Processor,AMD AM4,AMD,SUP009,229,13,363,0,193,449.99,256.99,57.1,214,2024-03-25,Rack-C15,active,3 years
INV0037,PRD037,AMD Ryzen 9 7900X,Processor,AMD AM5,AMD,SUP009,186,20,204,0,236,549.99,313.99,57.1,38,2024-03-06,Rack-E13,active,3 years
INV0038,PRD038,NVIDIA RTX 3060 12GB,GPU,NVIDIA Ampere,NVIDIA,SUP010,94,30,386,0,141,329.99,188.99,57.3,334,2024-05-03,Rack-A1,active,3 years
INV0039,PRD039,NVIDIA RTX 3070 8GB,GPU,NVIDIA Ampere,NVIDIA,SUP010,75,22,241,0,215,499.99,284.99,57.0,405,2024-01-04,Rack-D10,active,3 years
INV0040,PRD040,NVIDIA RTX 3080 10GB,GPU,NVIDIA Ampere,NVIDIA,SUP010,131,15,368,0,301,699.99,398.99,57.0,303,2024-08-02,Rack-C6,active,3 years
INV0041,PRD041,NVIDIA RTX 4060 8GB,GPU,NVIDIA Ada,NVIDIA,SUP010,70,12,193,0,129,299.99,170.99,57.0,217,2024-01-20,Rack-B12,active,3 years
INV0042,PRD042,NVIDIA RTX 4070 12GB,GPU,NVIDIA Ada,NVIDIA,SUP010,234,7,344,0,258,599.99,341.99,57.0,356,2024-04-23,Rack-F8,active,3 years
INV0043,PRD043,NVIDIA RTX 4080 16GB,GPU,NVIDIA Ada,NVIDIA,SUP010,151,16,208,0,516,1199.99,683.99,57.0,42,2024-01-26,Rack-F9,active,3 years
INV0044,PRD044,AMD RX 6600 8GB,GPU,AMD RDNA2,AMD,SUP009,95,13,318,0,124,289.99,165.99,57.2,296,2024-09-27,Rack-C13,active,3 years
INV0045,PRD045,AMD RX 6700 XT 12GB,GPU,AMD RDNA2,AMD,SUP009,182,13,265,0,172,399.99,227.99,57.0,381,2024-03-18,Rack-C2,active,3 years
INV0046,PRD046,AMD RX 7900 XTX 24GB,GPU,AMD RDNA3,AMD,SUP009,56,8,232,0,430,999.99,569.99,57.0,279,2024-01-06,Rack-A14,active,3 years
INV0047,PRD047,Corsair RM650 Modular,PSU,650W Gold,Corsair,SUP003,179,27,303,0,38,89.99,51.99,57.8,310,2024-10-23,Rack-B5,active,10 years
INV0048,PRD048,Corsair RM750 Modular,PSU,750W Gold,Corsair,SUP003,181,10,318,0,47,109.99,62.99,57.3,100,2024-01-12,Rack-E17,active,10 years
INV0049,PRD049,Corsair RM850 Modular,PSU,850W Gold,Corsair,SUP003,129,19,325,0,60,139.99,79.99,57.1,496,2024-05-19,Rack-B12,active,10 years
INV0050,PRD050,EVGA SuperNOVA 650W,PSU,650W Gold,EVGA,SUP011,47,25,290,0,38,89.99,51.99,57.8,82,2024-01-02,Rack-C18,active,10 years
INV0051,PRD051,be quiet! Straight Power 850W,PSU,850W Platinum,be quiet!,SUP015,42,13,266,0,73,169.99,96.99,57.1,296,2024-04-06,Rack-F14,active,5 years
INV0052,PRD052,Thermaltake Toughpower 1000W,PSU,1000W Platinum,Thermaltake,SUP018,130,10,286,0,81,189.99,108.99,57.4,311,2024-02-01,Rack-A10,active,10 years
INV0053,PRD053,Noctua NH-D15,Cooler,Air Dual Tower,Noctua,SUP012,49,16,180,0,43,99.99,56.99,57.0,60,2024-04-20,Rack-E9,active,6 years
INV0054,PRD054,Noctua NH-U12S,Cooler,Air Single Tower,Noctua,SUP012,220,16,299,0,30,69.99,39.99,57.1,311,2024-08-16,Rack-C11,active,6 years
INV0055,PRD055,Corsair H100i RGB 240mm,Cooler,AIO 240mm,Corsair,SUP003,228,29,261,0,56,129.99,73.99,56.9,434,2024-10-19,Rack-A10,active,5 years
INV0056,PRD056,Corsair H150i Elite 360mm,Cooler,AIO 360mm,Corsair,SUP003,221,9,334,0,73,169.99,96.99,57.1,205,2024-03-24,Rack-B15,active,5 years
INV0057,PRD057,NZXT Kraken X73 360mm,Cooler,AIO 360mm,NZXT,SUP016,219,19,216,0,81,189.99,108.99,57.4,374,2024-03-21,Rack-B17,active,6 years
INV0058,PRD058,DeepCool AK620,Cooler,Air Dual Tower,DeepCool,SUP017,236,28,339,0,23,54.99,31.99,58.2,414,2024-03-19,Rack-D5,active,3 years
INV0059,PRD059,Cooler Master Hyper 212,Cooler,Air Single Tower,Cooler Master,SUP019,114,15,223,0,17,39.99,22.99,57.5,71,2024-02-14,Rack-A5,active,2 years
INV0060,PRD060,Thermaltake UX200 ARGB,Cooler,Air Single Tower,Thermaltake,SUP018,173,19,185,0,15,34.99,19.99,57.1,422,2024-02-20,Rack-D19,active,2 years
