return_id,sale_id,product_id,product_name,category,customer_id,sale_date,return_date,original_amount,refund_amount,return_reason,return_status,resolution_type,days_to_return,restocked,year,month
RET0001,2369,PRD027,Gigabyte Z790 AORUS Master,Motherboard,CUS0428,2023-05-06,2023-06-12,449.99,225.0,Missing parts,Rejected,Repair,1,No,2023,5
RET0002,3102,PRD027,Gigabyte Z790 AORUS Master,Motherboard,CUS0415,2023-12-10,2023-12-24,382.49,286.87,Compatibility issue,Refunded,Full Refund,43,Yes,2023,12
RET0003,1305,PRD056,Corsair H150i Elite 360mm,Cooler,CUS0082,2024-01-22,2024-02-25,144.49,144.49,Better price found,Approved,Repair,35,Yes,2024,1
RET0004,183,PRD033,AMD Ryzen 5 5600X,Processor,CUS0329,2024-11-28,2025-01-12,689.97,689.97,Compatibility issue,Pending,Full Refund,25,No,2024,11
RET0005,388,PRD023,ASUS TUF Gaming B660M,Motherboard,CUS0061,2023-05-12,2023-05-31,159.99,159.99,Better price found,Rejected,Exchange,44,Yes,2023,5
RET0006,4849,PRD021,ASUS ROG Strix B550-F,Motherboard,CUS0198,2024-05-27,2024-05-30,439.98,219.99,Missing parts,Approved,Store Credit,27,No,2024,5
RET0007,2678,PRD005,Samsung 870 EVO 1TB,Storage,CUS0408,2024-06-07,2024-07-09,129.99,65.0,Better price found,Approved,Partial Refund,1,No,2024,6
RET0008,4915,PRD023,ASUS TUF Gaming B660M,Motherboard,CUS0421,2022-09-23,2022-10-08,159.99,119.99,Better price found,Refunded,Partial Refund,2,No,2022,9
RET0009,1702,PRD009,WD Black SN850 1TB,Storage,CUS0365,2022-09-16,2022-10-06,186.98,186.98,Customer changed mind,Approved,Exchange,45,Yes,2022,9
RET0010,990,PRD057,NZXT Kraken X73 360mm,Cooler,CUS0204,2023-12-16,2024-01-08,142.49,142.49,Dead on arrival,Replaced,Exchange,31,No,2023,12
RET0011,2130,PRD031,Intel Core i7-12700K,Processor,CUS0167,2023-09-04,2023-09-15,369.99,369.99,Customer changed mind,Pending,Partial Refund,17,No,2023,9
RET0012,3745,PRD034,AMD Ryzen 5 7600X,Processor,CUS0290,2024-01-10,2024-02-13,449.98,449.98,Wrong item received,Replaced,Store Credit,13,No,2024,1
RET0013,11,PRD049,Corsair RM850 Modular,PSU,CUS0253,2023-11-10,2023-12-23,139.99,104.99,Defective product,Pending,Exchange,9,Yes,2023,11
RET0014,2899,PRD044,AMD RX 6600 8GB,GPU,CUS0466,2024-08-15,2024-09-11,289.99,289.99,Duplicate order,Approved,Repair,7,Yes,2024,8
RET0015,1047,PRD040,NVIDIA RTX 3080 10GB,GPU,CUS0324,2022-08-16,2022-09-20,699.99,699.99,Wrong item received,Approved,Exchange,11,No,2022,8
RET0016,2857,PRD032,Intel Core i9-12900K,Processor,CUS0059,2023-10-17,2023-11-17,569.99,569.99,Defective product,Replaced,Store Credit,23,Yes,2023,10
RET0017,4177,PRD057,NZXT Kraken X73 360mm,Cooler,CUS0164,2023-12-17,2024-01-16,379.98,379.98,Customer changed mind,Rejected,Exchange,27,Yes,2023,12
RET0018,3841,PRD018,G.Skill Trident Z5 64GB DDR5,Memory,CUS0002,2024-08-12,2024-09-14,231.99,231.99,Defective product,Pending,Exchange,16,No,2024,8
RET0019,2217,PRD016,G.Skill Trident Z5 16GB DDR5,Memory,CUS0121,2022-01-21,2022-02-10,79.99,79.99,Compatibility issue,Refunded,Store Credit,37,Yes,2022,1
RET0020,3687,PRD010,WD Blue 1TB HDD,Storage,CUS0015,2023-05-06,2023-06-15,42.74,32.05,Defective product,Approved,Store Credit,2,No,2023,5
RET0021,1033,PRD002,Kingston A400 480GB,Storage,CUS0405,2024-04-08,2024-05-02,94.98,94.98,Customer changed mind,Replaced,Exchange,6,No,2024,4
RET0022,83,PRD006,Samsung 970 EVO 500GB,Storage,CUS0022,2024-01-31,2024-03-11,62.99,47.24,Defective product,Pending,Exchange,15,Yes,2024,1
RET0023,4012,PRD033,AMD Ryzen 5 5600X,Processor,CUS0340,2023-10-25,2023-11-02,229.99,229.99,Duplicate order,Refunded,Full Refund,26,No,2023,10
RET0024,905,PRD030,Intel Core i5-13600K,Processor,CUS0071,2022-11-13,2022-12-27,265.99,265.99,Better price found,Pending,Exchange,6,No,2022,11
RET0025,3154,PRD047,Corsair RM650 Modular,PSU,CUS0124,2023-07-24,2023-07-29,89.99,44.99,Wrong item received,Approved,Full Refund,1,Yes,2023,7
RET0026,1825,PRD037,AMD Ryzen 9 7900X,Processor,CUS0012,2023-03-20,2023-04-30,522.49,522.49,Defective product,Refunded,Store Credit,6,Yes,2023,3
RET0027,2158,PRD060,Thermaltake UX200 ARGB,Cooler,CUS0317,2023-05-12,2023-06-25,69.98,34.99,Compatibility issue,Replaced,Store Credit,22,No,2023,5
RET0028,3683,PRD042,NVIDIA RTX 4070 12GB,GPU,CUS0117,2024-06-17,2024-06-21,1199.98,1199.98,Dead on arrival,Approved,Full Refund,4,Yes,2024,6
RET0029,3558,PRD009,WD Black SN850 1TB,Storage,CUS0408,2023-01-20,2023-02-18,219.98,109.99,Dead on arrival,Pending,Partial Refund,36,No,2023,1
RET0030,3893,PRD007,Samsung 970 EVO 1TB,Storage,CUS0325,2023-04-10,2023-05-20,101.99,76.49,Duplicate order,Approved,Repair,24,No,2023,4
RET0031,1187,PRD045,AMD RX 6700 XT 12GB,GPU,CUS0059,2024-04-06,2024-04-20,399.99,200.0,Wrong item received,Approved,Store Credit,31,No,2024,4
RET0032,103,PRD046,AMD RX 7900 XTX 24GB,GPU,CUS0363,2024-11-21,2024-12-25,999.99,999.99,Duplicate order,Rejected,Full Refund,44,Yes,2024,11
RET0033,4324,PRD001,Kingston A400 240GB,Storage,CUS0474,2024-10-13,2024-11-07,59.98,44.98,Customer changed mind,Rejected,Full Refund,42,Yes,2024,10
RET0034,2720,PRD010,WD Blue 1TB HDD,Storage,CUS0204,2023-03-06,2023-04-03,128.22,128.22,Compatibility issue,Pending,Partial Refund,36,No,2023,3
RET0035,2266,PRD040,NVIDIA RTX 3080 10GB,GPU,CUS0462,2023-08-16,2023-09-12,559.99,419.99,Defective product,Replaced,Store Credit,40,No,2023,8
RET0036,4407,PRD041,NVIDIA RTX 4060 8GB,GPU,CUS0479,2024-05-16,2024-05-29,239.99,239.99,Better price found,Approved,Partial Refund,35,Yes,2024,5
RET0037,1767,PRD002,Kingston A400 480GB,Storage,CUS0091,2022-11-17,2022-11-23,47.49,35.62,Dead on arrival,Approved,Store Credit,35,No,2022,11
RET0038,4979,PRD032,Intel Core i9-12900K,Processor,CUS0010,2023-10-15,2023-11-26,569.99,569.99,Missing parts,Pending,Store Credit,45,Yes,2023,10
RET0039,1126,PRD006,Samsung 970 EVO 500GB,Storage,CUS0176,2024-04-13,2024-05-09,279.96,279.96,Dead on arrival,Rejected,Exchange,18,Yes,2024,4
RET0040,703,PRD060,Thermaltake UX200 ARGB,Cooler,CUS0120,2024-09-01,2024-09-25,34.99,26.24,Customer changed mind,Replaced,Partial Refund,35,No,2024,9
RET0041,2479,PRD039,NVIDIA RTX 3070 8GB,GPU,CUS0491,2023-09-15,2023-09-19,474.99,237.5,Better price found,Replaced,Exchange,39,Yes,2023,9
RET0042,3624,PRD036,AMD Ryzen 9 5900X,Processor,CUS0136,2024-03-19,2024-04-01,427.49,427.49,Missing parts,Refunded,Partial Refund,37,Yes,2024,3
RET0043,1261,PRD050,EVGA SuperNOVA 650W,PSU,CUS0432,2022-08-21,2022-09-06,179.98,179.98,Customer changed mind,Approved,Exchange,25,Yes,2022,8
RET0044,896,PRD047,Corsair RM650 Modular,PSU,CUS0354,2023-06-13,2023-06-29,76.49,76.49,Better price found,Replaced,Exchange,11,Yes,2023,6
RET0045,3970,PRD059,Cooler Master Hyper 212,Cooler,CUS0392,2023-11-12,2023-11-28,79.98,79.98,Duplicate order,Refunded,Full Refund,8,Yes,2023,11
RET0046,4240,PRD032,Intel Core i9-12900K,Processor,CUS0058,2023-03-19,2023-03-22,1139.98,1139.98,Customer changed mind,Approved,Partial Refund,12,Yes,2023,3
RET0047,61,PRD017,G.Skill Trident Z5 32GB DDR5,Memory,CUS0459,2023-09-20,2023-10-23,269.98,202.49,Missing parts,Replaced,Partial Refund,40,Yes,2023,9
RET0048,4934,PRD014,Corsair Vengeance 16GB DDR4,Memory,CUS0211,2023-02-07,2023-03-08,59.99,59.99,Missing parts,Refunded,Store Credit,33,No,2023,2
RET0049,3974,PRD035,AMD Ryzen 7 5800X3D,Processor,CUS0484,2022-06-28,2022-08-03,699.98,524.99,Compatibility issue,Rejected,Store Credit,18,No,2022,6
RET0050,1298,PRD010,WD Blue 1TB HDD,Storage,CUS0318,2024-05-11,2024-06-03,44.99,44.99,Customer changed mind,Refunded,Partial Refund,36,No,2024,5
RET0051,4138,PRD018,G.Skill Trident Z5 64GB DDR5,Memory,CUS0098,2023-08-19,2023-09-13,260.99,260.99,Wrong item received,Refunded,Exchange,9,No,2023,8
RET0052,698,PRD008,Samsung 970 EVO 2TB,Storage,CUS0494,2023-07-09,2023-08-23,395.98,197.99,Missing parts,Refunded,Partial Refund,34,Yes,2023,7
RET0053,4241,PRD026,Gigabyte B550 AORUS Elite,Motherboard,CUS0058,2023-03-19,2023-04-19,339.98,339.98,Defective product,Rejected,Store Credit,30,No,2023,3
RET0054,3497,PRD035,AMD Ryzen 7 5800X3D,Processor,CUS0470,2023-02-10,2023-02-27,594.98,594.98,Duplicate order,Rejected,Full Refund,9,No,2023,2
RET0055,3355,PRD002,Kingston A400 480GB,Storage,CUS0239,2023-12-16,2024-01-24,149.97,74.98,Better price found,Refunded,Full Refund,44,No,2023,12
RET0056,4572,PRD055,Corsair H100i RGB 240mm,Cooler,CUS0117,2023-05-02,2023-05-15,129.99,97.49,Missing parts,Approved,Full Refund,28,Yes,2023,5
RET0057,2047,PRD047,Corsair RM650 Modular,PSU,CUS0064,2022-12-02,2022-12-06,80.99,40.49,Dead on arrival,Pending,Full Refund,17,No,2022,12
RET0058,147,PRD039,NVIDIA RTX 3070 8GB,GPU,CUS0480,2023-03-17,2023-03-19,499.99,374.99,Better price found,Pending,Repair,6,Yes,2023,3
RET0059,1081,PRD033,AMD Ryzen 5 5600X,Processor,CUS0244,2022-08-24,2022-08-29,206.99,206.99,Missing parts,Replaced,Repair,36,No,2022,8
RET0060,2259,PRD026,Gigabyte B550 AORUS Elite,Motherboard,CUS0240,2022-02-12,2022-03-03,161.49,161.49,Customer changed mind,Approved,Exchange,19,No,2022,2
RET0061,4246,PRD049,Corsair RM850 Modular,PSU,CUS0387,2023-08-09,2023-09-21,132.99,66.5,Duplicate order,Refunded,Partial Refund,5,No,2023,8
RET0062,2955,PRD001,Kingston A400 240GB,Storage,CUS0305,2023-05-02,2023-05-13,56.98,42.73,Compatibility issue,Refunded,Full Refund,36,Yes,2023,5
RET0063,3322,PRD006,Samsung 970 EVO 500GB,Storage,CUS0104,2024-10-31,2024-11-05,62.99,62.99,Better price found,Approved,Partial Refund,18,Yes,2024,10
RET0064,3467,PRD027,Gigabyte Z790 AORUS Master,Motherboard,CUS0385,2023-04-04,2023-04-08,449.99,225.0,Compatibility issue,Replaced,Partial Refund,15,No,2023,4
RET0065,1280,PRD012,Seagate Barracuda 4TB,Storage,CUS0322,2022-03-03,2022-03-25,85.49,85.49,Better price found,Approved,Store Credit,30,No,2022,3
RET0066,2151,PRD051,be quiet! Straight Power 850W,PSU,CUS0481,2022-08-17,2022-08-29,161.49,161.49,Dead on arrival,Replaced,Store Credit,5,Yes,2022,8
RET0067,2201,PRD043,NVIDIA RTX 4080 16GB,GPU,CUS0483,2022-12-30,2023-01-13,1799.99,900.0,Missing parts,Refunded,Exchange,20,Yes,2022,12
RET0068,136,PRD020,Kingston Fury Beast 32GB DDR4,Memory,CUS0361,2022-07-05,2022-08-08,99.99,49.99,Customer changed mind,Replaced,Store Credit,12,No,2022,7
RET0069,3344,PRD004,Samsung 870 EVO 500GB,Storage,CUS0090,2023-05-13,2023-06-01,67.99,67.99,Compatibility issue,Approved,Repair,19,Yes,2023,5
RET0070,4038,PRD023,ASUS TUF Gaming B660M,Motherboard,CUS0346,2024-10-03,2024-10-27,159.99,159.99,Compatibility issue,Approved,Partial Refund,36,No,2024,10
RET0071,2203,PRD013,Corsair Vengeance 8GB DDR4,Memory,CUS0250,2023-11-08,2023-11-23,29.99,22.49,Better price found,Refunded,Store Credit,15,No,2023,11
RET0072,2160,PRD024,MSI MAG B550M MORTAR,Motherboard,CUS0317,2023-05-12,2023-06-05,129.99,129.99,Defective product,Replaced,Partial Refund,6,Yes,2023,5
RET0073,2980,PRD019,Kingston Fury Beast 16GB DDR4,Memory,CUS0368,2024-11-29,2024-12-05,54.99,27.5,Missing parts,Approved,Full Refund,25,Yes,2024,11
RET0074,3221,PRD020,Kingston Fury Beast 32GB DDR4,Memory,CUS0198,2022-10-06,2022-10-18,299.97,149.99,Dead on arrival,Pending,Exchange,26,No,2022,10
RET0075,4418,PRD059,Cooler Master Hyper 212,Cooler,CUS0004,2022-12-02,2022-12-19,71.98,53.98,Customer changed mind,Rejected,Full Refund,28,Yes,2022,12
RET0076,3662,PRD044,AMD RX 6600 8GB,GPU,CUS0319,2023-10-14,2023-11-17,260.99,260.99,Customer changed mind,Refunded,Store Credit,2,No,2023,10
RET0077,3388,PRD002,Kingston A400 480GB,Storage,CUS0027,2023-02-10,2023-03-23,47.49,35.62,Wrong item received,Rejected,Store Credit,28,Yes,2023,2
RET0078,392,PRD026,Gigabyte B550 AORUS Elite,Motherboard,CUS0494,2024-11-20,2024-12-21,339.98,339.98,Duplicate order,Rejected,Full Refund,45,No,2024,11
RET0079,1981,PRD030,Intel Core i5-13600K,Processor,CUS0025,2024-06-24,2024-07-14,279.99,209.99,Duplicate order,Approved,Full Refund,42,No,2024,6
RET0080,1152,PRD014,Corsair Vengeance 16GB DDR4,Memory,CUS0178,2024-03-13,2024-04-21,53.99,40.49,Customer changed mind,Pending,Exchange,31,Yes,2024,3
RET0081,1777,PRD060,Thermaltake UX200 ARGB,Cooler,CUS0354,2023-08-14,2023-09-11,29.74,22.3,Better price found,Pending,Partial Refund,31,Yes,2023,8
RET0082,1383,PRD017,G.Skill Trident Z5 32GB DDR5,Memory,CUS0474,2024-11-09,2024-12-15,149.99,112.49,Customer changed mind,Pending,Full Refund,33,No,2024,11
RET0083,389,PRD035,AMD Ryzen 7 5800X3D,Processor,CUS0482,2024-08-27,2024-09-14,699.98,349.99,Better price found,Refunded,Exchange,24,Yes,2024,8
RET0084,186,PRD016,G.Skill Trident Z5 16GB DDR5,Memory,CUS0342,2022-01-07,2022-01-27,215.97,107.98,Compatibility issue,Refunded,Partial Refund,44,No,2022,1
RET0085,1913,PRD049,Corsair RM850 Modular,PSU,CUS0063,2024-09-24,2024-10-25,265.98,265.98,Better price found,Pending,Repair,35,Yes,2024,9
RET0086,717,PRD056,Corsair H150i Elite 360mm,Cooler,CUS0367,2024-05-28,2024-06-05,169.99,127.49,Wrong item received,Replaced,Full Refund,1,Yes,2024,5
RET0087,1941,PRD001,Kingston A400 240GB,Storage,CUS0370,2024-07-16,2024-08-05,85.47,64.1,Duplicate order,Rejected,Full Refund,13,No,2024,7
RET0088,99,PRD032,Intel Core i9-12900K,Processor,CUS0363,2024-10-24,2024-11-05,569.99,569.99,Compatibility issue,Rejected,Exchange,26,Yes,2024,10
RET0089,2876,PRD052,Thermaltake Toughpower 1000W,PSU,CUS0304,2023-06-14,2023-07-13,161.49,161.49,Dead on arrival,Rejected,Repair,31,No,2023,6
RET0090,2394,PRD038,NVIDIA RTX 3060 12GB,GPU,CUS0408,2024-01-07,2024-02-12,313.49,235.12,Wrong item received,Approved,Repair,34,No,2024,1
RET0091,4808,PRD052,Thermaltake Toughpower 1000W,PSU,CUS0038,2022-02-02,2022-02-24,541.47,541.47,Compatibility issue,Replaced,Exchange,26,No,2022,2
RET0092,1887,PRD035,AMD Ryzen 7 5800X3D,Processor,CUS0386,2023-06-07,2023-07-10,349.99,175.0,Customer changed mind,Rejected,Repair,15,No,2023,6
RET0093,3065,PRD027,Gigabyte Z790 AORUS Master,Motherboard,CUS0398,2022-11-15,2022-11-25,404.99,303.74,Compatibility issue,Refunded,Store Credit,43,No,2022,11
RET0094,3708,PRD014,Corsair Vengeance 16GB DDR4,Memory,CUS0451,2023-09-22,2023-10-25,56.99,56.99,Compatibility issue,Pending,Repair,43,No,2023,9
RET0095,3759,PRD058,DeepCool AK620,Cooler,CUS0121,2024-12-23,2025-01-11,46.74,46.74,Duplicate order,Approved,Partial Refund,5,Yes,2024,12
RET0096,2760,PRD010,WD Blue 1TB HDD,Storage,CUS0051,2023-11-27,2023-12-06,44.99,44.99,Compatibility issue,Rejected,Full Refund,9,No,2023,11
RET0097,1726,PRD005,Samsung 870 EVO 1TB,Storage,CUS0420,2023-03-09,2023-04-03,519.96,519.96,Compatibility issue,Refunded,Exchange,31,Yes,2023,3
RET0098,4645,PRD036,AMD Ryzen 9 5900X,Processor,CUS0246,2024-05-09,2024-06-19,899.98,674.99,Wrong item received,Rejected,Store Credit,31,Yes,2024,5
RET0099,704,PRD001,Kingston A400 240GB,Storage,CUS0206,2024-04-16,2024-04-19,59.98,29.99,Missing parts,Refunded,Full Refund,1,No,2024,4
RET0100,4006,PRD005,Samsung 870 EVO 1TB,Storage,CUS0246,2023-05-22,2023-06-04,493.96,493.96,Defective product,Rejected,Exchange,16,Yes,2023,5
RET0101,2701,PRD029,Intel Core i5-12400,Processor,CUS0463,2023-07-20,2023-08-20,169.99,127.49,Compatibility issue,Rejected,Exchange,18,No,2023,7
RET0102,2279,PRD012,Seagate Barracuda 4TB,Storage,CUS0129,2022-05-25,2022-06-03,80.99,80.99,Dead on arrival,Pending,Full Refund,33,No,2022,5
RET0103,587,PRD021,ASUS ROG Strix B550-F,Motherboard,CUS0373,2024-06-05,2024-07-12,175.99,131.99,Better price found,Replaced,Repair,1,No,2024,6
RET0104,2594,PRD043,NVIDIA RTX 4080 16GB,GPU,CUS0162,2022-12-20,2023-01-02,4799.96,4799.96,Defective product,Refunded,Store Credit,10,No,2022,12
RET0105,2305,PRD042,NVIDIA RTX 4070 12GB,GPU,CUS0078,2024-11-05,2024-12-09,1199.98,599.99,Compatibility issue,Replaced,Full Refund,43,No,2024,11
RET0106,92,PRD049,Corsair RM850 Modular,PSU,CUS0425,2023-11-20,2023-11-22,125.99,94.49,Wrong item received,Refunded,Partial Refund,1,No,2023,11
RET0107,3675,PRD042,NVIDIA RTX 4070 12GB,GPU,CUS0205,2024-01-25,2024-02-26,1139.98,854.99,Wrong item received,Replaced,Store Credit,39,Yes,2024,1
RET0108,3812,PRD011,Seagate Barracuda 2TB,Storage,CUS0109,2023-11-09,2023-12-13,52.24,26.12,Missing parts,Refunded,Exchange,43,No,2023,11
RET0109,4187,PRD017,G.Skill Trident Z5 32GB DDR5,Memory,CUS0286,2023-07-24,2023-09-07,142.49,106.87,Customer changed mind,Refunded,Store Credit,18,No,2023,7
RET0110,2434,PRD055,Corsair H100i RGB 240mm,Cooler,CUS0156,2024-05-22,2024-06-12,129.99,129.99,Wrong item received,Refunded,Store Credit,40,Yes,2024,5
RET0111,609,PRD059,Cooler Master Hyper 212,Cooler,CUS0193,2022-08-03,2022-09-16,71.98,71.98,Customer changed mind,Pending,Full Refund,4,No,2022,8
RET0112,4136,PRD057,NZXT Kraken X73 360mm,Cooler,CUS0086,2024-11-14,2024-12-11,161.49,161.49,Wrong item received,Pending,Exchange,29,No,2024,11
RET0113,2149,PRD034,AMD Ryzen 5 7600X,Processor,CUS0022,2024-01-10,2024-02-15,237.49,237.49,Wrong item received,Approved,Repair,9,Yes,2024,1
RET0114,2489,PRD016,G.Skill Trident Z5 16GB DDR5,Memory,CUS0334,2022-10-02,2022-11-05,59.99,59.99,Better price found,Refunded,Exchange,21,No,2022,10
RET0115,4195,PRD003,Kingston A400 960GB,Storage,CUS0413,2023-12-31,2024-01-31,179.98,134.98,Customer changed mind,Approved,Full Refund,12,Yes,2023,12
RET0116,35,PRD054,Noctua NH-U12S,Cooler,CUS0321,2022-10-24,2022-11-28,69.99,69.99,Compatibility issue,Pending,Exchange,9,Yes,2022,10
RET0117,1979,PRD041,NVIDIA RTX 4060 8GB,GPU,CUS0025,2024-06-24,2024-07-17,299.99,299.99,Defective product,Pending,Store Credit,29,Yes,2024,6
RET0118,2872,PRD020,Kingston Fury Beast 32GB DDR4,Memory,CUS0400,2023-05-04,2023-05-26,94.99,94.99,Compatibility issue,Pending,Exchange,13,No,2023,5
RET0119,4740,PRD018,G.Skill Trident Z5 64GB DDR5,Memory,CUS0101,2023-09-26,2023-10-10,579.98,579.98,Missing parts,Rejected,Exchange,32,Yes,2023,9
RET0120,3418,PRD013,Corsair Vengeance 8GB DDR4,Memory,CUS0463,2023-02-18,2023-03-26,29.99,22.49,Dead on arrival,Replaced,Repair,12,Yes,2023,2
RET0121,2762,PRD003,Kingston A400 960GB,Storage,CUS0051,2023-11-27,2023-12-15,89.99,44.99,Missing parts,Replaced,Store Credit,33,No,2023,11
RET0122,809,PRD038,NVIDIA RTX 3060 12GB,GPU,CUS0148,2022-05-02,2022-05-06,626.98,313.49,Customer changed mind,Refunded,Store Credit,10,Yes,2022,5
RET0123,4095,PRD043,NVIDIA RTX 4080 16GB,GPU,CUS0195,2022-11-15,2022-12-01,2279.98,1709.99,Dead on arrival,Pending,Store Credit,8,No,2022,11
RET0124,187,PRD051,be quiet! Straight Power 850W,PSU,CUS0233,2024-05-05,2024-05-10,135.99,135.99,Defective product,Approved,Full Refund,24,Yes,2024,5
RET0125,3579,PRD021,ASUS ROG Strix B550-F,Motherboard,CUS0148,2022-04-20,2022-06-02,164.99,164.99,Compatibility issue,Approved,Partial Refund,17,Yes,2022,4
RET0126,1957,PRD007,Samsung 970 EVO 1TB,Storage,CUS0184,2024-09-06,2024-09-27,119.99,119.99,Customer changed mind,Refunded,Partial Refund,10,Yes,2024,9
RET0127,2089,PRD009,WD Black SN850 1TB,Storage,CUS0317,2024-01-24,2024-02-26,104.49,78.37,Dead on arrival,Refunded,Full Refund,39,No,2024,1
RET0128,2572,PRD004,Samsung 870 EVO 500GB,Storage,CUS0292,2023-11-25,2023-12-26,79.99,79.99,Defective product,Rejected,Store Credit,22,Yes,2023,11
RET0129,3437,PRD031,Intel Core i7-12700K,Processor,CUS0473,2022-08-16,2022-08-21,332.99,332.99,Better price found,Rejected,Repair,36,Yes,2022,8
RET0130,109,PRD026,Gigabyte B550 AORUS Elite,Motherboard,CUS0384,2023-11-09,2023-12-01,382.48,191.24,Wrong item received,Approved,Exchange,43,Yes,2023,11
RET0131,655,PRD017,G.Skill Trident Z5 32GB DDR5,Memory,CUS0440,2024-12-16,2025-01-13,112.49,112.49,Customer changed mind,Pending,Exchange,18,Yes,2024,12
RET0132,816,PRD020,Kingston Fury Beast 32GB DDR4,Memory,CUS0330,2022-09-07,2022-09-29,94.99,47.49,Wrong item received,Pending,Store Credit,42,Yes,2022,9
RET0133,2035,PRD014,Corsair Vengeance 16GB DDR4,Memory,CUS0381,2024-11-30,2025-01-06,56.99,42.74,Defective product,Rejected,Full Refund,33,No,2024,11
RET0134,3090,PRD036,AMD Ryzen 9 5900X,Processor,CUS0140,2024-03-07,2024-03-22,359.99,359.99,Compatibility issue,Rejected,Full Refund,3,No,2024,3
RET0135,1127,PRD034,AMD Ryzen 5 7600X,Processor,CUS0176,2024-04-13,2024-05-01,249.99,187.49,Missing parts,Approved,Partial Refund,22,Yes,2024,4
RET0136,4800,PRD039,NVIDIA RTX 3070 8GB,GPU,CUS0441,2024-08-21,2024-09-29,849.98,424.99,Defective product,Pending,Exchange,14,Yes,2024,8
RET0137,3058,PRD051,be quiet! Straight Power 850W,PSU,CUS0250,2023-02-09,2023-02-22,339.98,339.98,Better price found,Approved,Repair,27,Yes,2023,2
RET0138,1249,PRD022,ASUS ROG Strix Z690-A,Motherboard,CUS0045,2024-09-30,2024-10-12,319.99,239.99,Dead on arrival,Replaced,Full Refund,12,Yes,2024,9
RET0139,932,PRD022,ASUS ROG Strix Z690-A,Motherboard,CUS0341,2023-11-08,2023-11-20,1279.96,1279.96,Better price found,Rejected,Partial Refund,32,Yes,2023,11
RET0140,2439,PRD060,Thermaltake UX200 ARGB,Cooler,CUS0421,2024-07-30,2024-08-07,33.24,24.93,Better price found,Rejected,Partial Refund,3,Yes,2024,7
RET0141,3798,PRD009,WD Black SN850 1TB,Storage,CUS0364,2022-02-20,2022-03-16,109.99,109.99,Defective product,Pending,Repair,38,Yes,2022,2
RET0142,2118,PRD031,Intel Core i7-12700K,Processor,CUS0318,2024-01-27,2024-02-10,739.98,739.98,Defective product,Replaced,Store Credit,2,Yes,2024,1
RET0143,2815,PRD008,Samsung 970 EVO 2TB,Storage,CUS0195,2024-10-01,2024-10-13,219.99,164.99,Compatibility issue,Pending,Exchange,33,No,2024,10
RET0144,3034,PRD025,MSI PRO Z690-A,Motherboard,CUS0292,2023-04-09,2023-04-25,189.99,95.0,Better price found,Approved,Exchange,40,Yes,2023,4
RET0145,3538,PRD048,Corsair RM750 Modular,PSU,CUS0389,2024-09-30,2024-11-01,109.99,109.99,Customer changed mind,Refunded,Full Refund,19,No,2024,9
RET0146,2295,PRD018,G.Skill Trident Z5 64GB DDR5,Memory,CUS0416,2024-06-24,2024-06-25,275.49,275.49,Compatibility issue,Rejected,Store Credit,44,Yes,2024,6
RET0147,3186,PRD009,WD Black SN850 1TB,Storage,CUS0377,2023-09-26,2023-10-08,351.97,263.98,Missing parts,Approved,Repair,32,No,2023,9
RET0148,4183,PRD019,Kingston Fury Beast 16GB DDR4,Memory,CUS0203,2023-07-31,2023-09-03,164.97,123.73,Customer changed mind,Refunded,Partial Refund,44,No,2023,7
RET0149,723,PRD039,NVIDIA RTX 3070 8GB,GPU,CUS0290,2022-09-14,2022-10-05,999.98,499.99,Duplicate order,Rejected,Partial Refund,29,Yes,2022,9
RET0150,592,PRD049,Corsair RM850 Modular,PSU,CUS0473,2023-10-10,2023-10-27,139.99,139.99,Dead on arrival,Rejected,Full Refund,7,No,2023,10
RET0151,2610,PRD023,ASUS TUF Gaming B660M,Motherboard,CUS0471,2024-04-11,2024-04-12,479.97,479.97,Wrong item received,Approved,Exchange,9,No,2024,4
RET0152,887,PRD013,Corsair Vengeance 8GB DDR4,Memory,CUS0472,2022-06-23,2022-07-21,29.99,29.99,Defective product,Approved,Full Refund,7,Yes,2022,6
RET0153,4546,PRD010,WD Blue 1TB HDD,Storage,CUS0204,2022-03-26,2022-04-12,89.98,44.99,Dead on arrival,Approved,Partial Refund,11,No,2022,3
RET0154,1232,PRD030,Intel Core i5-13600K,Processor,CUS0217,2024-05-12,2024-05-29,265.99,265.99,Customer changed mind,Pending,Exchange,12,Yes,2024,5
RET0155,3332,PRD028,Intel Core i3-12100,Processor,CUS0076,2023-11-17,2023-12-08,113.99,85.49,Customer changed mind,Refunded,Partial Refund,40,No,2023,11
RET0156,3417,PRD034,AMD Ryzen 5 7600X,Processor,CUS0463,2023-02-18,2023-03-27,449.98,449.98,Defective product,Refunded,Partial Refund,9,Yes,2023,2
RET0157,3883,PRD034,AMD Ryzen 5 7600X,Processor,CUS0424,2023-08-05,2023-09-01,749.97,749.97,Wrong item received,Approved,Repair,27,Yes,2023,8
RET0158,3235,PRD043,NVIDIA RTX 4080 16GB,GPU,CUS0252,2023-01-18,2023-02-28,1199.99,1199.99,Defective product,Pending,Exchange,5,No,2023,1
RET0159,3839,PRD059,Cooler Master Hyper 212,Cooler,CUS0002,2024-08-12,2024-08-27,35.99,35.99,Wrong item received,Rejected,Repair,36,No,2024,8
RET0160,2659,PRD006,Samsung 970 EVO 500GB,Storage,CUS0309,2023-01-25,2023-03-07,55.99,55.99,Duplicate order,Pending,Partial Refund,13,Yes,2023,1
RET0161,2568,PRD038,NVIDIA RTX 3060 12GB,GPU,CUS0091,2024-12-18,2025-01-27,989.97,742.48,Defective product,Rejected,Repair,8,Yes,2024,12
RET0162,3848,PRD004,Samsung 870 EVO 500GB,Storage,CUS0328,2024-07-02,2024-08-14,67.99,33.99,Dead on arrival,Refunded,Repair,7,No,2024,7
RET0163,3618,PRD037,AMD Ryzen 9 7900X,Processor,CUS0157,2023-09-14,2023-10-28,467.49,467.49,Customer changed mind,Replaced,Full Refund,5,No,2023,9
RET0164,4346,PRD054,Noctua NH-U12S,Cooler,CUS0332,2022-07-25,2022-08-24,199.47,199.47,Customer changed mind,Pending,Repair,25,No,2022,7
RET0165,132,PRD036,AMD Ryzen 9 5900X,Processor,CUS0217,2023-05-21,2023-06-21,1709.96,1282.47,Wrong item received,Refunded,Repair,5,Yes,2023,5
RET0166,4710,PRD030,Intel Core i5-13600K,Processor,CUS0079,2024-12-26,2025-01-22,237.99,237.99,Dead on arrival,Rejected,Partial Refund,19,Yes,2024,12
RET0167,862,PRD015,Corsair Vengeance 32GB DDR4,Memory,CUS0024,2024-11-23,2024-11-29,219.98,219.98,Duplicate order,Pending,Partial Refund,4,No,2024,11
RET0168,4748,PRD051,be quiet! Straight Power 850W,PSU,CUS0159,2024-08-09,2024-08-29,169.99,85.0,Wrong item received,Pending,Repair,2,No,2024,8
RET0169,2844,PRD028,Intel Core i3-12100,Processor,CUS0492,2024-09-20,2024-10-08,119.99,89.99,Better price found,Pending,Partial Refund,5,Yes,2024,9
RET0170,1877,PRD043,NVIDIA RTX 4080 16GB,GPU,CUS0199,2022-06-11,2022-07-01,1199.99,899.99,Customer changed mind,Replaced,Exchange,36,No,2022,6
RET0171,1876,PRD004,Samsung 870 EVO 500GB,Storage,CUS0233,2023-01-12,2023-02-14,79.99,79.99,Wrong item received,Rejected,Store Credit,30,Yes,2023,1
RET0172,1819,PRD023,ASUS TUF Gaming B660M,Motherboard,CUS0021,2024-07-17,2024-07-21,639.96,479.97,Better price found,Rejected,Full Refund,28,Yes,2024,7
RET0173,2896,PRD035,AMD Ryzen 7 5800X3D,Processor,CUS0220,2023-11-24,2023-12-10,349.99,349.99,Compatibility issue,Refunded,Full Refund,28,Yes,2023,11
RET0174,2101,PRD037,AMD Ryzen 9 7900X,Processor,CUS0267,2024-08-05,2024-08-31,1979.96,1979.96,Defective product,Refunded,Partial Refund,9,Yes,2024,8
RET0175,2294,PRD006,Samsung 970 EVO 500GB,Storage,CUS0416,2024-06-24,2024-07-22,139.98,139.98,Compatibility issue,Refunded,Store Credit,10,No,2024,6
RET0176,756,PRD053,Noctua NH-D15,Cooler,CUS0472,2023-07-09,2023-08-20,299.97,299.97,Missing parts,Pending,Exchange,17,No,2023,7
RET0177,4186,PRD060,Thermaltake UX200 ARGB,Cooler,CUS0203,2023-07-31,2023-08-03,34.99,26.24,Wrong item received,Approved,Full Refund,3,No,2023,7
RET0178,3405,PRD031,Intel Core i7-12700K,Processor,CUS0052,2024-08-22,2024-09-08,1331.96,1331.96,Better price found,Rejected,Exchange,42,No,2024,8
RET0179,2985,PRD005,Samsung 870 EVO 1TB,Storage,CUS0085,2024-04-30,2024-05-19,129.99,97.49,Duplicate order,Pending,Repair,34,No,2024,4
RET0180,3158,PRD039,NVIDIA RTX 3070 8GB,GPU,CUS0302,2022-02-04,2022-02-27,474.99,356.24,Duplicate order,Replaced,Store Credit,15,No,2022,2
RET0181,279,PRD016,G.Skill Trident Z5 16GB DDR5,Memory,CUS0050,2023-01-14,2023-01-20,135.98,135.98,Duplicate order,Pending,Exchange,9,Yes,2023,1
RET0182,84,PRD013,Corsair Vengeance 8GB DDR4,Memory,CUS0022,2024-01-31,2024-03-02,26.99,26.99,Wrong item received,Rejected,Exchange,16,No,2024,1
RET0183,1905,PRD054,Noctua NH-U12S,Cooler,CUS0231,2024-04-25,2024-05-16,52.49,52.49,Better price found,Approved,Repair,7,Yes,2024,4
RET0184,2221,PRD054,Noctua NH-U12S,Cooler,CUS0434,2022-10-30,2022-11-25,69.99,69.99,Defective product,Pending,Full Refund,39,No,2022,10
RET0185,315,PRD035,AMD Ryzen 7 5800X3D,Processor,CUS0143,2024-02-02,2024-03-08,314.99,157.5,Dead on arrival,Refunded,Full Refund,31,Yes,2024,2
RET0186,375,PRD048,Corsair RM750 Modular,PSU,CUS0092,2022-03-27,2022-04-21,104.49,78.37,Dead on arrival,Pending,Full Refund,25,Yes,2022,3
RET0187,2521,PRD019,Kingston Fury Beast 16GB DDR4,Memory,CUS0250,2023-11-03,2023-11-12,52.24,52.24,Compatibility issue,Rejected,Full Refund,21,Yes,2023,11
RET0188,208,PRD019,Kingston Fury Beast 16GB DDR4,Memory,CUS0017,2022-08-04,2022-08-24,43.99,43.99,Customer changed mind,Refunded,Repair,1,No,2022,8
RET0189,3876,PRD016,G.Skill Trident Z5 16GB DDR5,Memory,CUS0213,2023-12-12,2024-01-03,79.99,39.99,Better price found,Pending,Store Credit,29,No,2023,12
RET0190,2604,PRD037,AMD Ryzen 9 7900X,Processor,CUS0473,2022-07-15,2022-08-25,439.99,220.0,Defective product,Rejected,Partial Refund,17,Yes,2022,7
RET0191,1574,PRD025,MSI PRO Z690-A,Motherboard,CUS0005,2024-04-06,2024-04-27,379.98,284.99,Missing parts,Pending,Exchange,31,Yes,2024,4
RET0192,4277,PRD008,Samsung 970 EVO 2TB,Storage,CUS0243,2022-06-03,2022-06-09,395.98,395.98,Duplicate order,Refunded,Partial Refund,43,Yes,2022,6
RET0193,2495,PRD015,Corsair Vengeance 32GB DDR4,Memory,CUS0366,2024-01-28,2024-02-01,439.96,439.96,Better price found,Rejected,Repair,6,Yes,2024,1
RET0194,1040,PRD025,MSI PRO Z690-A,Motherboard,CUS0385,2024-05-04,2024-06-07,189.99,142.49,Customer changed mind,Pending,Store Credit,4,No,2024,5
RET0195,3184,PRD031,Intel Core i7-12700K,Processor,CUS0222,2023-03-11,2023-03-13,369.99,277.49,Dead on arrival,Rejected,Full Refund,45,No,2023,3
RET0196,4058,PRD013,Corsair Vengeance 8GB DDR4,Memory,CUS0195,2023-06-28,2023-07-24,25.49,12.74,Defective product,Refunded,Full Refund,4,Yes,2023,6
RET0197,1543,PRD039,NVIDIA RTX 3070 8GB,GPU,CUS0242,2024-10-01,2024-10-12,1499.97,1499.97,Customer changed mind,Refunded,Store Credit,1,No,2024,10
RET0198,3445,PRD015,Corsair Vengeance 32GB DDR4,Memory,CUS0215,2024-08-03,2024-08-21,109.99,82.49,Defective product,Replaced,Full Refund,5,Yes,2024,8
RET0199,4833,PRD050,EVGA SuperNOVA 650W,PSU,CUS0040,2022-11-17,2022-12-18,89.99,67.49,Better price found,Replaced,Store Credit,25,No,2022,11
RET0200,3304,PRD060,Thermaltake UX200 ARGB,Cooler,CUS0002,2024-05-26,2024-06-30,27.99,20.99,Wrong item received,Replaced,Exchange,14,Yes,2024,5
RET0201,3246,PRD005,Samsung 870 EVO 1TB,Storage,CUS0225,2023-12-08,2023-12-31,110.49,110.49,Compatibility issue,Replaced,Exchange,32,No,2023,12
RET0202,1740,PRD050,EVGA SuperNOVA 650W,PSU,CUS0042,2024-02-17,2024-03-03,76.49,76.49,Wrong item received,Refunded,Exchange,35,No,2024,2
RET0203,2730,PRD060,Thermaltake UX200 ARGB,Cooler,CUS0415,2024-01-02,2024-02-03,29.74,22.3,Missing parts,Replaced,Repair,33,No,2024,1
RET0204,91,PRD036,AMD Ryzen 9 5900X,Processor,CUS0425,2023-11-20,2023-12-09,427.49,213.75,Better price found,Rejected,Full Refund,10,Yes,2023,11
RET0205,51,PRD008,Samsung 970 EVO 2TB,Storage,CUS0383,2022-04-29,2022-05-24,439.98,219.99,Wrong item received,Approved,Store Credit,25,No,2022,4
RET0206,3031,PRD055,Corsair H100i RGB 240mm,Cooler,CUS0349,2024-04-20,2024-05-23,129.99,97.49,Defective product,Pending,Partial Refund,1,Yes,2024,4
RET0207,2599,PRD044,AMD RX 6600 8GB,GPU,CUS0224,2024-02-05,2024-02-13,246.49,184.87,Dead on arrival,Refunded,Repair,11,No,2024,2
RET0208,4880,PRD013,Corsair Vengeance 8GB DDR4,Memory,CUS0365,2022-08-07,2022-08-21,107.96,80.97,Wrong item received,Pending,Partial Refund,25,No,2022,8
RET0209,3978,PRD025,MSI PRO Z690-A,Motherboard,CUS0328,2022-12-12,2023-01-12,161.49,80.75,Customer changed mind,Rejected,Repair,43,No,2022,12
RET0210,3196,PRD055,Corsair H100i RGB 240mm,Cooler,CUS0218,2023-11-05,2023-11-26,493.96,493.96,Better price found,Replaced,Partial Refund,23,No,2023,11
RET0211,4662,PRD022,ASUS ROG Strix Z690-A,Motherboard,CUS0334,2023-02-17,2023-02-19,639.98,319.99,Wrong item received,Refunded,Exchange,28,Yes,2023,2
RET0212,259,PRD004,Samsung 870 EVO 500GB,Storage,CUS0169,2023-04-23,2023-05-12,75.99,37.99,Missing parts,Pending,Partial Refund,33,No,2023,4
RET0213,3732,PRD028,Intel Core i3-12100,Processor,CUS0019,2024-10-24,2024-11-29,119.99,119.99,Defective product,Refunded,Repair,2,Yes,2024,10
RET0214,3132,PRD005,Samsung 870 EVO 1TB,Storage,CUS0247,2024-07-22,2024-09-05,97.49,97.49,Better price found,Pending,Exchange,39,No,2024,7
RET0215,68,PRD001,Kingston A400 240GB,Storage,CUS0076,2024-05-04,2024-05-23,59.98,59.98,Compatibility issue,Refunded,Partial Refund,7,Yes,2024,5
RET0216,4606,PRD055,Corsair H100i RGB 240mm,Cooler,CUS0422,2024-01-20,2024-02-10,103.99,51.99,Missing parts,Pending,Repair,36,Yes,2024,1
RET0217,1775,PRD029,Intel Core i5-12400,Processor,CUS0245,2024-10-07,2024-10-29,179.99,179.99,Wrong item received,Pending,Exchange,1,No,2024,10
RET0218,1665,PRD057,NZXT Kraken X73 360mm,Cooler,CUS0311,2022-01-08,2022-02-08,189.99,189.99,Duplicate order,Replaced,Exchange,7,Yes,2022,1
RET0219,3543,PRD031,Intel Core i7-12700K,Processor,CUS0218,2024-08-20,2024-09-26,351.49,351.49,Dead on arrival,Pending,Store Credit,6,No,2024,8
RET0220,2570,PRD011,Seagate Barracuda 2TB,Storage,CUS0292,2023-11-25,2024-01-01,109.98,109.98,Missing parts,Pending,Partial Refund,34,Yes,2023,11
RET0221,3174,PRD060,Thermaltake UX200 ARGB,Cooler,CUS0016,2024-05-24,2024-06-22,34.99,17.5,Compatibility issue,Approved,Repair,28,Yes,2024,5
RET0222,3187,PRD047,Corsair RM650 Modular,PSU,CUS0472,2023-12-25,2024-01-28,80.99,40.49,Wrong item received,Approved,Repair,10,No,2023,12
RET0223,1878,PRD049,Corsair RM850 Modular,PSU,CUS0199,2022-06-11,2022-07-23,139.99,70.0,Compatibility issue,Refunded,Store Credit,33,Yes,2022,6
RET0224,3093,PRD024,MSI MAG B550M MORTAR,Motherboard,CUS0107,2023-01-06,2023-01-21,103.99,51.99,Compatibility issue,Refunded,Exchange,6,Yes,2023,1
RET0225,4694,PRD005,Samsung 870 EVO 1TB,Storage,CUS0343,2023-03-23,2023-05-03,259.98,259.98,Customer changed mind,Refunded,Partial Refund,32,No,2023,3
RET0226,3697,PRD020,Kingston Fury Beast 32GB DDR4,Memory,CUS0305,2024-05-09,2024-06-11,99.99,99.99,Missing parts,Approved,Repair,19,No,2024,5
RET0227,867,PRD056,Corsair H150i Elite 360mm,Cooler,CUS0136,2024-08-29,2024-09-21,271.98,271.98,Duplicate order,Approved,Full Refund,45,No,2024,8
RET0228,3746,PRD039,NVIDIA RTX 3070 8GB,GPU,CUS0290,2024-01-10,2024-02-11,499.99,499.99,Duplicate order,Approved,Store Credit,17,Yes,2024,1
RET0229,3513,PRD024,MSI MAG B550M MORTAR,Motherboard,CUS0323,2024-04-16,2024-05-06,350.97,263.23,Duplicate order,Pending,Repair,21,No,2024,4
RET0230,4666,PRD033,AMD Ryzen 5 5600X,Processor,CUS0114,2024-02-01,2024-02-28,229.99,229.99,Missing parts,Refunded,Full Refund,40,Yes,2024,2
RET0231,4389,PRD060,Thermaltake UX200 ARGB,Cooler,CUS0111,2023-12-13,2024-01-22,104.97,104.97,Wrong item received,Replaced,Store Credit,43,Yes,2023,12
RET0232,4210,PRD033,AMD Ryzen 5 5600X,Processor,CUS0133,2023-01-14,2023-02-24,459.98,459.98,Better price found,Rejected,Partial Refund,43,Yes,2023,1
RET0233,2881,PRD001,Kingston A400 240GB,Storage,CUS0191,2024-07-25,2024-08-06,59.98,59.98,Defective product,Refunded,Full Refund,5,Yes,2024,7
RET0234,3371,PRD028,Intel Core i3-12100,Processor,CUS0428,2022-09-02,2022-09-17,215.98,107.99,Better price found,Refunded,Exchange,6,No,2022,9
RET0235,2856,PRD037,AMD Ryzen 9 7900X,Processor,CUS0372,2022-05-12,2022-05-13,1649.97,1237.48,Dead on arrival,Approved,Partial Refund,4,Yes,2022,5
RET0236,4018,PRD021,ASUS ROG Strix B550-F,Motherboard,CUS0420,2024-02-27,2024-03-25,219.99,164.99,Better price found,Approved,Repair,34,Yes,2024,2
RET0237,247,PRD006,Samsung 970 EVO 500GB,Storage,CUS0208,2023-09-25,2023-10-14,52.49,26.25,Wrong item received,Rejected,Exchange,43,Yes,2023,9
RET0238,4357,PRD041,NVIDIA RTX 4060 8GB,GPU,CUS0014,2023-12-02,2024-01-11,224.99,224.99,Wrong item received,Rejected,Partial Refund,31,No,2023,12
RET0239,3088,PRD039,NVIDIA RTX 3070 8GB,GPU,CUS0140,2024-03-07,2024-04-14,899.98,899.98,Defective product,Replaced,Store Credit,45,No,2024,3
RET0240,1129,PRD009,WD Black SN850 1TB,Storage,CUS0176,2024-04-13,2024-04-25,109.99,109.99,Defective product,Pending,Partial Refund,3,No,2024,4
RET0241,3408,PRD001,Kingston A400 240GB,Storage,CUS0086,2023-03-16,2023-03-20,53.98,40.48,Missing parts,Refunded,Partial Refund,43,No,2023,3
RET0242,1745,PRD037,AMD Ryzen 9 7900X,Processor,CUS0409,2024-04-06,2024-04-21,1567.47,1175.6,Missing parts,Replaced,Repair,1,Yes,2024,4
RET0243,892,PRD011,Seagate Barracuda 2TB,Storage,CUS0007,2024-10-10,2024-10-31,104.48,52.24,Dead on arrival,Pending,Exchange,42,Yes,2024,10
RET0244,3762,PRD023,ASUS TUF Gaming B660M,Motherboard,CUS0049,2022-09-29,2022-11-01,143.99,143.99,Defective product,Replaced,Exchange,30,Yes,2022,9
RET0245,475,PRD045,AMD RX 6700 XT 12GB,GPU,CUS0051,2024-02-15,2024-03-25,359.99,180.0,Missing parts,Approved,Partial Refund,31,No,2024,2
RET0246,702,PRD025,MSI PRO Z690-A,Motherboard,CUS0120,2024-09-01,2024-09-13,189.99,95.0,Compatibility issue,Rejected,Exchange,6,Yes,2024,9
RET0247,1655,PRD012,Seagate Barracuda 4TB,Storage,CUS0391,2023-06-23,2023-07-25,71.99,53.99,Defective product,Rejected,Store Credit,13,Yes,2023,6
RET0248,4351,PRD058,DeepCool AK620,Cooler,CUS0156,2022-07-08,2022-07-28,54.99,54.99,Compatibility issue,Replaced,Partial Refund,37,Yes,2022,7
RET0249,3973,PRD038,NVIDIA RTX 3060 12GB,GPU,CUS0266,2024-08-31,2024-09-14,296.99,222.74,Compatibility issue,Replaced,Repair,22,Yes,2024,8
RET0250,2094,PRD044,AMD RX 6600 8GB,GPU,CUS0025,2024-04-01,2024-05-09,260.99,260.99,Missing parts,Refunded,Partial Refund,37,No,2024,4
RET0251,2040,PRD044,AMD RX 6600 8GB,GPU,CUS0096,2024-09-06,2024-10-04,579.98,434.99,Dead on arrival,Rejected,Partial Refund,37,Yes,2024,9
RET0252,4233,PRD048,Corsair RM750 Modular,PSU,CUS0261,2024-04-13,2024-05-12,109.99,82.49,Dead on arrival,Rejected,Repair,1,Yes,2024,4
RET0253,3420,PRD034,AMD Ryzen 5 7600X,Processor,CUS0196,2022-01-18,2022-02-28,199.99,149.99,Defective product,Refunded,Store Credit,26,Yes,2022,1
RET0254,1540,PRD040,NVIDIA RTX 3080 10GB,GPU,CUS0433,2023-01-21,2023-03-02,699.99,524.99,Better price found,Refunded,Partial Refund,5,Yes,2023,1
RET0255,3771,PRD011,Seagate Barracuda 2TB,Storage,CUS0061,2022-10-23,2022-11-19,104.48,104.48,Better price found,Refunded,Repair,24,No,2022,10
RET0256,4098,PRD010,WD Blue 1TB HDD,Storage,CUS0058,2023-10-13,2023-11-23,35.99,35.99,Duplicate order,Pending,Repair,32,No,2023,10
RET0257,2083,PRD038,NVIDIA RTX 3060 12GB,GPU,CUS0301,2022-02-28,2022-03-20,890.97,668.23,Wrong item received,Pending,Full Refund,40,No,2022,2
RET0258,3351,PRD046,AMD RX 7900 XTX 24GB,GPU,CUS0295,2022-01-23,2022-02-14,899.99,450.0,Customer changed mind,Refunded,Exchange,35,No,2022,1
RET0259,4040,PRD006,Samsung 970 EVO 500GB,Storage,CUS0448,2024-12-09,2024-12-31,69.99,34.99,Customer changed mind,Refunded,Partial Refund,42,No,2024,12
RET0260,1276,PRD057,NZXT Kraken X73 360mm,Cooler,CUS0250,2022-12-27,2023-01-15,759.96,759.96,Dead on arrival,Refunded,Partial Refund,39,Yes,2022,12
RET0261,2941,PRD052,Thermaltake Toughpower 1000W,PSU,CUS0210,2022-09-22,2022-10-03,189.99,189.99,Customer changed mind,Rejected,Repair,35,Yes,2022,9
RET0262,1527,PRD034,AMD Ryzen 5 7600X,Processor,CUS0152,2024-07-24,2024-08-15,449.98,224.99,Better price found,Pending,Partial Refund,19,Yes,2024,7
RET0263,4512,PRD054,Noctua NH-U12S,Cooler,CUS0498,2023-09-24,2023-11-04,139.98,104.98,Missing parts,Replaced,Exchange,10,No,2023,9
RET0264,1619,PRD035,AMD Ryzen 7 5800X3D,Processor,CUS0289,2024-07-16,2024-07-26,314.99,236.24,Customer changed mind,Approved,Repair,44,Yes,2024,7
RET0265,4684,PRD030,Intel Core i5-13600K,Processor,CUS0485,2023-04-28,2023-05-25,279.99,209.99,Customer changed mind,Replaced,Exchange,44,No,2023,4
RET0266,2852,PRD032,Intel Core i9-12900K,Processor,CUS0011,2023-02-28,2023-03-04,569.99,569.99,Duplicate order,Replaced,Full Refund,10,Yes,2023,2
RET0267,3861,PRD014,Corsair Vengeance 16GB DDR4,Memory,CUS0324,2024-04-21,2024-05-29,59.99,59.99,Wrong item received,Rejected,Exchange,41,No,2024,4
RET0268,2791,PRD039,NVIDIA RTX 3070 8GB,GPU,CUS0406,2022-04-03,2022-04-08,499.99,499.99,Dead on arrival,Refunded,Store Credit,34,No,2022,4
RET0269,2046,PRD047,Corsair RM650 Modular,PSU,CUS0434,2023-10-16,2023-11-02,85.49,85.49,Defective product,Pending,Full Refund,44,Yes,2023,10
RET0270,2231,PRD047,Corsair RM650 Modular,PSU,CUS0422,2023-08-11,2023-08-21,85.49,42.74,Customer changed mind,Rejected,Repair,3,Yes,2023,8
RET0271,2635,PRD007,Samsung 970 EVO 1TB,Storage,CUS0050,2023-10-02,2023-10-26,107.99,53.99,Duplicate order,Refunded,Store Credit,40,Yes,2023,10
RET0272,3488,PRD052,Thermaltake Toughpower 1000W,PSU,CUS0222,2023-10-27,2023-11-02,180.49,135.37,Better price found,Pending,Repair,26,No,2023,10
RET0273,2204,PRD055,Corsair H100i RGB 240mm,Cooler,CUS0250,2023-11-08,2023-11-13,123.49,61.74,Compatibility issue,Approved,Partial Refund,23,No,2023,11
RET0274,1971,PRD009,WD Black SN850 1TB,Storage,CUS0024,2024-09-30,2024-10-20,93.49,93.49,Better price found,Rejected,Exchange,7,No,2024,9
RET0275,623,PRD059,Cooler Master Hyper 212,Cooler,CUS0432,2024-03-26,2024-05-04,107.97,107.97,Missing parts,Refunded,Exchange,2,Yes,2024,3
RET0276,1180,PRD029,Intel Core i5-12400,Processor,CUS0189,2023-07-23,2023-07-26,199.99,199.99,Defective product,Pending,Repair,29,Yes,2023,7
RET0277,4358,PRD052,Thermaltake Toughpower 1000W,PSU,CUS0263,2024-01-20,2024-03-05,189.99,95.0,Compatibility issue,Refunded,Full Refund,17,No,2024,1
RET0278,1799,PRD030,Intel Core i5-13600K,Processor,CUS0064,2023-03-07,2023-04-09,559.98,279.99,Duplicate order,Replaced,Store Credit,33,No,2023,3
RET0279,3018,PRD017,G.Skill Trident Z5 32GB DDR5,Memory,CUS0455,2023-09-05,2023-10-12,142.49,142.49,Duplicate order,Rejected,Full Refund,2,Yes,2023,9
RET0280,1520,PRD032,Intel Core i9-12900K,Processor,CUS0360,2023-01-26,2023-02-06,1937.97,968.99,Wrong item received,Refunded,Store Credit,12,No,2023,1
RET0281,1641,PRD050,EVGA SuperNOVA 650W,PSU,CUS0169,2022-02-27,2022-03-25,85.49,85.49,Defective product,Refunded,Exchange,17,No,2022,2
RET0282,4230,PRD034,AMD Ryzen 5 7600X,Processor,CUS0175,2023-06-26,2023-07-23,249.99,125.0,Duplicate order,Pending,Repair,43,No,2023,6
RET0283,1228,PRD040,NVIDIA RTX 3080 10GB,GPU,CUS0366,2024-07-24,2024-08-04,629.99,629.99,Better price found,Refunded,Full Refund,29,Yes,2024,7
RET0284,565,PRD003,Kingston A400 960GB,Storage,CUS0308,2022-09-13,2022-10-21,80.99,80.99,Defective product,Replaced,Store Credit,4,Yes,2022,9
RET0285,4958,PRD009,WD Black SN850 1TB,Storage,CUS0297,2023-06-20,2023-07-21,329.97,164.99,Wrong item received,Rejected,Repair,15,No,2023,6
RET0286,3531,PRD043,NVIDIA RTX 4080 16GB,GPU,CUS0495,2023-07-21,2023-08-04,2399.98,1799.99,Missing parts,Replaced,Exchange,27,Yes,2023,7
RET0287,4963,PRD047,Corsair RM650 Modular,PSU,CUS0079,2022-07-17,2022-08-16,152.98,152.98,Duplicate order,Refunded,Partial Refund,32,Yes,2022,7
RET0288,4940,PRD032,Intel Core i9-12900K,Processor,CUS0320,2023-08-09,2023-08-11,541.49,541.49,Missing parts,Pending,Repair,17,Yes,2023,8
RET0289,3218,PRD011,Seagate Barracuda 2TB,Storage,CUS0198,2022-10-06,2022-10-09,54.99,54.99,Wrong item received,Replaced,Exchange,2,Yes,2022,10
RET0290,2984,PRD032,Intel Core i9-12900K,Processor,CUS0085,2024-04-30,2024-06-01,1139.98,1139.98,Missing parts,Refunded,Repair,11,No,2024,4
RET0291,326,PRD043,NVIDIA RTX 4080 16GB,GPU,CUS0207,2022-03-05,2022-04-19,1199.99,1199.99,Dead on arrival,Refunded,Store Credit,2,Yes,2022,3
RET0292,3702,PRD027,Gigabyte Z790 AORUS Master,Motherboard,CUS0158,2024-02-03,2024-03-14,404.99,404.99,Wrong item received,Pending,Store Credit,19,No,2024,2
RET0293,663,PRD020,Kingston Fury Beast 32GB DDR4,Memory,CUS0410,2024-03-12,2024-03-29,99.99,99.99,Missing parts,Refunded,Exchange,13,Yes,2024,3
RET0294,4368,PRD023,ASUS TUF Gaming B660M,Motherboard,CUS0205,2022-04-22,2022-05-24,303.98,303.98,Duplicate order,Rejected,Repair,44,No,2022,4
RET0295,261,PRD008,Samsung 970 EVO 2TB,Storage,CUS0343,2023-07-25,2023-07-29,659.97,659.97,Defective product,Approved,Store Credit,8,Yes,2023,7
RET0296,3369,PRD029,Intel Core i5-12400,Processor,CUS0313,2024-03-11,2024-03-24,179.99,179.99,Customer changed mind,Replaced,Full Refund,38,No,2024,3
RET0297,3439,PRD028,Intel Core i3-12100,Processor,CUS0206,2023-03-07,2023-03-13,227.98,227.98,Customer changed mind,Refunded,Exchange,10,Yes,2023,3
RET0298,4480,PRD020,Kingston Fury Beast 32GB DDR4,Memory,CUS0404,2023-01-01,2023-02-12,94.99,94.99,Missing parts,Approved,Exchange,34,Yes,2023,1
RET0299,3514,PRD004,Samsung 870 EVO 500GB,Storage,CUS0323,2024-04-16,2024-05-20,79.99,39.99,Defective product,Approved,Exchange,9,No,2024,4
RET0300,1847,PRD047,Corsair RM650 Modular,PSU,CUS0141,2022-12-18,2023-01-26,359.96,359.96,Missing parts,Approved,Full Refund,12,No,2022,12
RET0301,1907,PRD009,WD Black SN850 1TB,Storage,CUS0231,2024-04-25,2024-05-05,98.99,98.99,Compatibility issue,Refunded,Repair,15,No,2024,4
RET0302,2207,PRD004,Samsung 870 EVO 500GB,Storage,CUS0146,2023-01-21,2023-01-30,71.99,35.99,Duplicate order,Pending,Store Credit,26,Yes,2023,1
RET0303,1002,PRD012,Seagate Barracuda 4TB,Storage,CUS0166,2022-12-03,2022-12-27,89.99,89.99,Compatibility issue,Pending,Partial Refund,22,No,2022,12
RET0304,1041,PRD015,Corsair Vengeance 32GB DDR4,Memory,CUS0385,2024-05-04,2024-05-17,329.97,329.97,Defective product,Pending,Exchange,30,Yes,2024,5
RET0305,2122,PRD008,Samsung 970 EVO 2TB,Storage,CUS0259,2022-04-21,2022-04-23,593.97,445.48,Duplicate order,Approved,Repair,16,Yes,2022,4
RET0306,2515,PRD037,AMD Ryzen 9 7900X,Processor,CUS0105,2024-03-01,2024-03-29,549.99,549.99,Customer changed mind,Approved,Partial Refund,32,Yes,2024,3
RET0307,2783,PRD005,Samsung 870 EVO 1TB,Storage,CUS0106,2023-01-16,2023-01-19,389.97,292.48,Missing parts,Refunded,Full Refund,1,Yes,2023,1
RET0308,356,PRD007,Samsung 970 EVO 1TB,Storage,CUS0339,2023-10-19,2023-11-10,95.99,95.99,Better price found,Refunded,Full Refund,21,No,2023,10
RET0309,690,PRD049,Corsair RM850 Modular,PSU,CUS0053,2023-09-05,2023-09-23,251.98,188.98,Missing parts,Replaced,Repair,8,No,2023,9
RET0310,3884,PRD044,AMD RX 6600 8GB,GPU,CUS0424,2023-08-05,2023-08-14,217.49,217.49,Compatibility issue,Approved,Exchange,43,Yes,2023,8
RET0311,1583,PRD041,NVIDIA RTX 4060 8GB,GPU,CUS0020,2023-03-16,2023-04-21,299.99,299.99,Duplicate order,Replaced,Full Refund,27,No,2023,3
RET0312,2143,PRD016,G.Skill Trident Z5 16GB DDR5,Memory,CUS0313,2022-05-22,2022-06-03,71.99,53.99,Customer changed mind,Replaced,Repair,17,No,2022,5
RET0313,2577,PRD050,EVGA SuperNOVA 650W,PSU,CUS0434,2024-06-09,2024-07-15,152.98,76.49,Better price found,Replaced,Full Refund,40,Yes,2024,6
RET0314,4874,PRD016,G.Skill Trident Z5 16GB DDR5,Memory,CUS0403,2022-12-05,2022-12-15,159.98,159.98,Missing parts,Approved,Exchange,7,Yes,2022,12
RET0315,2011,PRD028,Intel Core i3-12100,Processor,CUS0156,2024-05-12,2024-06-02,119.99,119.99,Defective product,Approved,Partial Refund,10,Yes,2024,5
RET0316,64,PRD029,Intel Core i5-12400,Processor,CUS0459,2023-09-20,2023-09-23,199.99,199.99,Customer changed mind,Approved,Partial Refund,44,Yes,2023,9
RET0317,669,PRD020,Kingston Fury Beast 32GB DDR4,Memory,CUS0194,2024-04-17,2024-06-01,284.97,284.97,Defective product,Rejected,Repair,11,Yes,2024,4
RET0318,2377,PRD008,Samsung 970 EVO 2TB,Storage,CUS0397,2023-01-13,2023-02-23,219.99,164.99,Defective product,Refunded,Partial Refund,17,No,2023,1
RET0319,3595,PRD031,Intel Core i7-12700K,Processor,CUS0086,2022-12-04,2023-01-04,351.49,351.49,Dead on arrival,Approved,Repair,33,Yes,2022,12
RET0320,2987,PRD059,Cooler Master Hyper 212,Cooler,CUS0085,2024-04-30,2024-06-02,33.99,17.0,Compatibility issue,Pending,Exchange,40,No,2024,4
RET0321,458,PRD002,Kingston A400 480GB,Storage,CUS0070,2022-11-17,2022-12-16,47.49,23.75,Missing parts,Pending,Store Credit,45,Yes,2022,11
RET0322,4886,PRD005,Samsung 870 EVO 1TB,Storage,CUS0283,2024-04-08,2024-05-14,129.99,97.49,Wrong item received,Refunded,Partial Refund,17,Yes,2024,4
RET0323,2477,PRD014,Corsair Vengeance 16GB DDR4,Memory,CUS0320,2022-12-09,2023-01-10,59.99,44.99,Missing parts,Rejected,Repair,35,Yes,2022,12
RET0324,580,PRD032,Intel Core i9-12900K,Processor,CUS0395,2023-12-02,2024-01-06,484.49,363.37,Dead on arrival,Rejected,Store Credit,37,Yes,2023,12
RET0325,1231,PRD050,EVGA SuperNOVA 650W,PSU,CUS0217,2024-05-12,2024-05-17,89.99,89.99,Better price found,Rejected,Exchange,12,Yes,2024,5
RET0326,3620,PRD026,Gigabyte B550 AORUS Elite,Motherboard,CUS0223,2024-04-25,2024-06-09,169.99,169.99,Better price found,Pending,Exchange,25,Yes,2024,4
RET0327,705,PRD010,WD Blue 1TB HDD,Storage,CUS0206,2024-04-16,2024-04-19,44.99,44.99,Customer changed mind,Replaced,Exchange,26,Yes,2024,4
RET0328,4061,PRD060,Thermaltake UX200 ARGB,Cooler,CUS0040,2022-03-06,2022-03-18,62.98,62.98,Duplicate order,Approved,Partial Refund,20,No,2022,3
RET0329,1045,PRD060,Thermaltake UX200 ARGB,Cooler,CUS0441,2023-11-15,2023-12-26,62.98,47.23,Dead on arrival,Refunded,Repair,31,No,2023,11
RET0330,4050,PRD009,WD Black SN850 1TB,Storage,CUS0311,2024-12-08,2025-01-13,109.99,109.99,Duplicate order,Approved,Partial Refund,40,No,2024,12
RET0331,479,PRD053,Noctua NH-D15,Cooler,CUS0083,2023-05-01,2023-05-13,169.98,169.98,Compatibility issue,Refunded,Partial Refund,43,No,2023,5
RET0332,817,PRD058,DeepCool AK620,Cooler,CUS0330,2022-09-07,2022-09-20,104.48,78.36,Better price found,Pending,Repair,33,Yes,2022,9
RET0333,1639,PRD047,Corsair RM650 Modular,PSU,CUS0393,2023-08-13,2023-08-19,89.99,89.99,Missing parts,Pending,Full Refund,32,No,2023,8
RET0334,1588,PRD055,Corsair H100i RGB 240mm,Cooler,CUS0197,2023-11-12,2023-12-10,103.99,103.99,Compatibility issue,Rejected,Full Refund,31,Yes,2023,11
RET0335,2044,PRD030,Intel Core i5-13600K,Processor,CUS0312,2022-09-23,2022-10-16,531.98,531.98,Defective product,Approved,Full Refund,5,Yes,2022,9
RET0336,3979,PRD021,ASUS ROG Strix B550-F,Motherboard,CUS0328,2022-12-12,2023-01-07,219.99,164.99,Better price found,Replaced,Exchange,4,No,2022,12
RET0337,2969,PRD031,Intel Core i7-12700K,Processor,CUS0103,2023-06-28,2023-07-14,1109.97,1109.97,Duplicate order,Refunded,Repair,37,No,2023,6
RET0338,4318,PRD002,Kingston A400 480GB,Storage,CUS0371,2024-05-02,2024-06-06,44.99,33.74,Compatibility issue,Approved,Full Refund,41,No,2024,5
RET0339,1896,PRD054,Noctua NH-U12S,Cooler,CUS0299,2022-03-04,2022-04-13,69.99,69.99,Better price found,Pending,Store Credit,25,Yes,2022,3
RET0340,1357,PRD033,AMD Ryzen 5 5600X,Processor,CUS0209,2024-03-24,2024-04-15,195.49,195.49,Defective product,Pending,Full Refund,31,No,2024,3
RET0341,3493,PRD022,ASUS ROG Strix Z690-A,Motherboard,CUS0493,2022-05-10,2022-05-29,319.99,239.99,Missing parts,Replaced,Full Refund,2,Yes,2022,5
RET0342,3954,PRD002,Kingston A400 480GB,Storage,CUS0463,2023-09-21,2023-10-21,49.99,49.99,Wrong item received,Rejected,Partial Refund,32,Yes,2023,9
RET0343,194,PRD042,NVIDIA RTX 4070 12GB,GPU,CUS0074,2022-01-13,2022-01-20,1199.98,899.99,Dead on arrival,Pending,Partial Refund,1,No,2022,1
RET0344,4370,PRD055,Corsair H100i RGB 240mm,Cooler,CUS0267,2023-07-28,2023-08-24,129.99,129.99,Customer changed mind,Pending,Repair,44,Yes,2023,7
RET0345,2863,PRD054,Noctua NH-U12S,Cooler,CUS0292,2024-03-27,2024-05-05,139.98,104.98,Duplicate order,Rejected,Exchange,31,Yes,2024,3
RET0346,1769,PRD037,AMD Ryzen 9 7900X,Processor,CUS0316,2022-05-13,2022-05-14,1649.97,1237.48,Duplicate order,Approved,Store Credit,26,No,2022,5
RET0347,1077,PRD026,Gigabyte B550 AORUS Elite,Motherboard,CUS0349,2022-03-11,2022-04-23,169.99,169.99,Duplicate order,Approved,Exchange,43,Yes,2022,3
RET0348,1675,PRD010,WD Blue 1TB HDD,Storage,CUS0061,2024-08-29,2024-08-31,35.99,35.99,Wrong item received,Rejected,Full Refund,38,No,2024,8
RET0349,2739,PRD015,Corsair Vengeance 32GB DDR4,Memory,CUS0104,2022-11-16,2022-11-24,219.98,219.98,Better price found,Refunded,Full Refund,35,Yes,2022,11
RET0350,2183,PRD027,Gigabyte Z790 AORUS Master,Motherboard,CUS0471,2023-05-14,2023-06-05,427.49,427.49,Defective product,Replaced,Repair,41,Yes,2023,5
RET0351,4573,PRD023,ASUS TUF Gaming B660M,Motherboard,CUS0443,2022-07-27,2022-09-07,151.99,151.99,Customer changed mind,Replaced,Store Credit,17,No,2022,7
RET0352,547,PRD009,WD Black SN850 1TB,Storage,CUS0483,2022-01-09,2022-01-10,109.99,54.99,Dead on arrival,Approved,Repair,14,Yes,2022,1
RET0353,1009,PRD011,Seagate Barracuda 2TB,Storage,CUS0081,2023-01-20,2023-02-04,93.48,93.48,Defective product,Approved,Exchange,15,Yes,2023,1
RET0354,884,PRD017,G.Skill Trident Z5 32GB DDR5,Memory,CUS0488,2022-06-09,2022-06-27,149.99,112.49,Missing parts,Approved,Store Credit,2,Yes,2022,6
RET0355,2664,PRD033,AMD Ryzen 5 5600X,Processor,CUS0478,2024-10-25,2024-11-28,390.98,293.24,Compatibility issue,Refunded,Exchange,11,No,2024,10
RET0356,4472,PRD048,Corsair RM750 Modular,PSU,CUS0086,2023-11-20,2023-11-22,219.98,109.99,Duplicate order,Replaced,Store Credit,40,Yes,2023,11
RET0357,3434,PRD022,ASUS ROG Strix Z690-A,Motherboard,CUS0060,2024-02-21,2024-03-23,319.99,239.99,Dead on arrival,Refunded,Full Refund,35,No,2024,2
RET0358,600,PRD006,Samsung 970 EVO 500GB,Storage,CUS0081,2024-01-26,2024-02-22,69.99,69.99,Customer changed mind,Replaced,Repair,30,No,2024,1
RET0359,4922,PRD040,NVIDIA RTX 3080 10GB,GPU,CUS0177,2023-03-29,2023-04-22,2099.97,2099.97,Better price found,Refunded,Full Refund,23,Yes,2023,3
RET0360,1821,PRD059,Cooler Master Hyper 212,Cooler,CUS0407,2022-05-14,2022-05-29,101.97,101.97,Better price found,Replaced,Exchange,23,Yes,2022,5
RET0361,3707,PRD037,AMD Ryzen 9 7900X,Processor,CUS0451,2023-09-22,2023-09-25,1099.98,1099.98,Duplicate order,Replaced,Partial Refund,2,Yes,2023,9
RET0362,2090,PRD001,Kingston A400 240GB,Storage,CUS0457,2024-09-08,2024-10-04,59.98,29.99,Duplicate order,Replaced,Exchange,33,Yes,2024,9
RET0363,2123,PRD033,AMD Ryzen 5 5600X,Processor,CUS0321,2023-05-16,2023-06-04,459.98,229.99,Customer changed mind,Replaced,Partial Refund,3,No,2023,5
RET0364,3358,PRD027,Gigabyte Z790 AORUS Master,Motherboard,CUS0043,2023-01-28,2023-02-20,359.99,359.99,Better price found,Refunded,Partial Refund,12,No,2023,1
RET0365,2462,PRD035,AMD Ryzen 7 5800X3D,Processor,CUS0387,2024-04-26,2024-06-02,297.49,297.49,Defective product,Replaced,Repair,31,Yes,2024,4
RET0366,2428,PRD057,NZXT Kraken X73 360mm,Cooler,CUS0199,2023-11-14,2023-12-14,303.98,303.98,Defective product,Pending,Full Refund,7,No,2023,11
RET0367,4947,PRD059,Cooler Master Hyper 212,Cooler,CUS0269,2023-09-20,2023-10-09,39.99,29.99,Dead on arrival,Pending,Repair,19,No,2023,9
RET0368,3521,PRD009,WD Black SN850 1TB,Storage,CUS0155,2023-11-29,2023-12-24,104.49,104.49,Customer changed mind,Pending,Partial Refund,29,No,2023,11
RET0369,2009,PRD053,Noctua NH-D15,Cooler,CUS0408,2024-12-24,2025-01-10,99.99,49.99,Dead on arrival,Rejected,Exchange,27,Yes,2024,12
RET0370,1208,PRD056,Corsair H150i Elite 360mm,Cooler,CUS0486,2023-06-10,2023-06-23,271.98,271.98,Defective product,Refunded,Repair,1,No,2023,6
RET0371,1424,PRD038,NVIDIA RTX 3060 12GB,GPU,CUS0468,2024-08-17,2024-09-08,313.49,156.75,Better price found,Pending,Partial Refund,1,Yes,2024,8
RET0372,2383,PRD058,DeepCool AK620,Cooler,CUS0376,2023-05-17,2023-06-14,52.24,52.24,Wrong item received,Replaced,Exchange,29,No,2023,5
RET0373,3607,PRD044,AMD RX 6600 8GB,GPU,CUS0444,2024-05-10,2024-05-27,289.99,217.49,Customer changed mind,Refunded,Partial Refund,27,No,2024,5
RET0374,4216,PRD002,Kingston A400 480GB,Storage,CUS0189,2024-07-16,2024-08-24,149.97,74.98,Dead on arrival,Approved,Store Credit,34,Yes,2024,7
RET0375,3682,PRD002,Kingston A400 480GB,Storage,CUS0117,2024-06-17,2024-07-24,49.99,49.99,Wrong item received,Rejected,Repair,5,Yes,2024,6
RET0376,1888,PRD044,AMD RX 6600 8GB,GPU,CUS0386,2023-06-07,2023-06-22,246.49,246.49,Dead on arrival,Approved,Full Refund,45,Yes,2023,6
RET0377,4329,PRD018,G.Skill Trident Z5 64GB DDR5,Memory,CUS0350,2022-12-08,2022-12-17,289.99,289.99,Customer changed mind,Pending,Store Credit,36,No,2022,12
RET0378,1884,PRD003,Kingston A400 960GB,Storage,CUS0330,2023-04-21,2023-05-29,179.98,179.98,Dead on arrival,Rejected,Repair,13,Yes,2023,4
RET0379,3296,PRD042,NVIDIA RTX 4070 12GB,GPU,CUS0243,2022-04-07,2022-05-04,1799.97,899.99,Missing parts,Replaced,Exchange,38,No,2022,4
RET0380,4111,PRD038,NVIDIA RTX 3060 12GB,GPU,CUS0418,2022-12-23,2022-12-27,1319.96,989.97,Customer changed mind,Refunded,Exchange,11,No,2022,12
RET0381,2845,PRD035,AMD Ryzen 7 5800X3D,Processor,CUS0492,2024-09-20,2024-10-26,349.99,175.0,Better price found,Replaced,Store Credit,42,No,2024,9
RET0382,4372,PRD057,NZXT Kraken X73 360mm,Cooler,CUS0267,2023-07-28,2023-08-12,379.98,284.99,Defective product,Replaced,Partial Refund,30,Yes,2023,7
RET0383,4465,PRD031,Intel Core i7-12700K,Processor,CUS0318,2023-05-22,2023-06-05,628.98,314.49,Wrong item received,Rejected,Repair,11,No,2023,5
RET0384,2442,PRD003,Kingston A400 960GB,Storage,CUS0414,2024-05-06,2024-05-28,89.99,89.99,Defective product,Pending,Exchange,33,Yes,2024,5
RET0385,4862,PRD017,G.Skill Trident Z5 32GB DDR5,Memory,CUS0121,2024-05-05,2024-06-07,149.99,149.99,Missing parts,Pending,Store Credit,30,No,2024,5
RET0386,4363,PRD018,G.Skill Trident Z5 64GB DDR5,Memory,CUS0223,2023-07-19,2023-08-14,246.49,246.49,Better price found,Approved,Full Refund,28,No,2023,7
RET0387,4307,PRD013,Corsair Vengeance 8GB DDR4,Memory,CUS0420,2023-12-20,2024-01-27,59.98,44.98,Compatibility issue,Refunded,Exchange,7,Yes,2023,12
RET0388,3101,PRD019,Kingston Fury Beast 16GB DDR4,Memory,CUS0415,2023-12-10,2024-01-17,54.99,41.24,Dead on arrival,Approved,Repair,19,No,2023,12
RET0389,3944,PRD007,Samsung 970 EVO 1TB,Storage,CUS0087,2024-06-23,2024-07-13,359.97,359.97,Defective product,Refunded,Exchange,45,Yes,2024,6
RET0390,4898,PRD042,NVIDIA RTX 4070 12GB,GPU,CUS0044,2022-01-06,2022-01-17,1199.98,1199.98,Duplicate order,Refunded,Repair,24,Yes,2022,1
RET0391,2614,PRD052,Thermaltake Toughpower 1000W,PSU,CUS0200,2022-08-12,2022-08-29,541.47,406.1,Compatibility issue,Rejected,Exchange,12,No,2022,8
RET0392,4510,PRD006,Samsung 970 EVO 500GB,Storage,CUS0045,2024-06-23,2024-07-24,132.98,132.98,Dead on arrival,Approved,Partial Refund,39,No,2024,6
RET0393,1858,PRD031,Intel Core i7-12700K,Processor,CUS0380,2023-06-07,2023-06-08,1479.96,1479.96,Compatibility issue,Refunded,Repair,6,No,2023,6
RET0394,4796,PRD053,Noctua NH-D15,Cooler,CUS0008,2023-10-02,2023-11-05,99.99,99.99,Wrong item received,Rejected,Partial Refund,38,No,2023,10
RET0395,3372,PRD008,Samsung 970 EVO 2TB,Storage,CUS0428,2022-09-02,2022-10-01,219.99,219.99,Compatibility issue,Replaced,Partial Refund,16,No,2022,9
RET0396,729,PRD019,Kingston Fury Beast 16GB DDR4,Memory,CUS0039,2022-04-04,2022-04-18,186.97,93.48,Missing parts,Refunded,Exchange,41,Yes,2022,4
RET0397,955,PRD035,AMD Ryzen 7 5800X3D,Processor,CUS0174,2024-08-11,2024-09-12,349.99,262.49,Customer changed mind,Pending,Full Refund,41,Yes,2024,8
RET0398,3544,PRD057,NZXT Kraken X73 360mm,Cooler,CUS0325,2024-07-12,2024-08-12,360.98,270.74,Customer changed mind,Pending,Store Credit,14,Yes,2024,7
RET0399,4086,PRD031,Intel Core i7-12700K,Processor,CUS0479,2023-07-04,2023-07-05,332.99,249.74,Customer changed mind,Refunded,Full Refund,19,Yes,2023,7
RET0400,1940,PRD058,DeepCool AK620,Cooler,CUS0370,2024-07-16,2024-07-21,41.24,30.93,Dead on arrival,Rejected,Repair,37,No,2024,7
